Decision,E,E-Alpha,E-Beta,Type,Modification Name,z,m/z,Protein 1,Peptide 1,Start 1,Stop 1,Protein 2,Peptide 2,Start 2, Stop 2,Selected Sites,Notes,,,
Accepted,7.66E-22,1.26E-12,7.29E-11,Cross-linked,Crosslink,4,666.8479961,DNAPKcs,APLKSVGPDFGK,2691,2702,DNAPKcs,DQEKLSLMYAR,2735,2745,[K2694-K2738],,,,Yellow-175X
Accepted,3.43E-18,1.41E-14,9.88E-06,Cross-linked,Crosslink - Heavy,4,519.7956166,DNAPKcs,APLKSVGPDFGK,2691,2702,DNAPKcs,KGVAEQK,2746,2752,[K2694-K2746],,,,Green-350X
Accepted,1.25E-16,1.11E-14,1.09E-05,Cross-linked,Crosslink,4,518.2862005,DNAPKcs,APLKSVGPDFGK,2691,2702,DNAPKcs,KGVAEQK,2746,2752,[K2694-K2746],,,,Blue-700X
Accepted,5.37E-19,5.03E-15,8.02E-06,Cross-linked,Crosslink - Heavy,4,519.7956166,DNAPKcs,APLKSVGPDFGK,2691,2702,DNAPKcs,KGVAEQK,2746,2752,[K2694-K2746;S2695-K2746],,,,
Accepted,2.93E-19,4.73E-16,3.35E-05,Cross-linked,Crosslink,4,518.2862005,DNAPKcs,APLKSVGPDFGK,2691,2702,DNAPKcs,KGVAEQK,2746,2752,[K2694-K2746],,,,
Accepted,1.97E-13,4.86E-13,0.000239087,Cross-linked,Crosslink - Heavy,4,519.7956166,DNAPKcs,APLKSVGPDFGK,2691,2702,DNAPKcs,KGVAEQK,2746,2752,[K2694-K2746;S2695-K2746],,,,
Accepted,1.70E-18,1.44E-14,2.86E-05,Cross-linked,Crosslink,4,493.0270892,DNAPKcs,APLKSVGPDFGK,2691,2702,DNAPKcs,VKGAAGR,2716,2722,[K2694-K2717],,,,
Accepted,5.14E-18,4.98E-14,4.29E-07,Cross-linked,Crosslink,4,493.0270892,DNAPKcs,APLKSVGPDFGK,2691,2702,DNAPKcs,VKGAAGR,2716,2722,[K2694-K2717;S2695-K2717],,,,
Accepted,1.32E-15,1.48E-12,0.001433762,Cross-linked,Crosslink,3,657.0336936,DNAPKcs,APLKSVGPDFGK,2691,2702,DNAPKcs,VKGAAGR,2716,2722,[K2694-K2717],,,,
Accepted,1.23E-10,2.71E-11,5.391843723,Cross-linked,Crosslink - Heavy,4,526.0333668,DNAPKcs,DQEKLSLMYAR,2735,2745,DNAPKcs,EKEIK,2754,2758,[K2738-K2755],,,,
Accepted,2.82E-14,2.62E-14,3.66E-05,Cross-linked,Crosslink,4,559.7902157,DNAPKcs,DQEKLSLMYAR,2735,2745,DNAPKcs,GVAEQKR,2747,2753,[K2738-K2752],,,,
Accepted,5.46E-14,5.39E-12,4.45E-08,Cross-linked,Crosslink,5,474.6494784,DNAPKcs,DQEKLSLMYAR,2735,2745,DNAPKcs,HVFHPKR,2222,2228,[K2738-K2227],,,,
Accepted,7.70E-13,3.73E-11,2.17E-06,Cross-linked,Crosslink - Heavy,4,594.5694451,DNAPKcs,DQEKLSLMYAR,2735,2745,DNAPKcs,HVFHPKR,2222,2228,[K2738-K2227],,,,
Accepted,1.74E-12,1.04E-10,7.04E-06,Cross-linked,Crosslink - Heavy,4,594.5694451,DNAPKcs,DQEKLSLMYAR,2735,2745,DNAPKcs,HVFHPKR,2222,2228,[K2738-K2227],,,,
Accepted,3.33E-13,2.27E-11,1.48E-07,Cross-linked,Crosslink - Heavy,5,475.8570113,DNAPKcs,DQEKLSLMYAR,2735,2745,DNAPKcs,HVFHPKR,2222,2228,[K2738-K2227],,,,
Accepted,4.30E-15,7.80E-14,3.89E-07,Cross-linked,Crosslink - Heavy,4,594.5694451,DNAPKcs,DQEKLSLMYAR,2735,2745,DNAPKcs,HVFHPKR,2222,2228,[K2738-K2227],,,,
Accepted,2.69E-17,1.87E-12,5.33E-05,Cross-linked,Crosslink,3,736.7158129,DNAPKcs,DQEKLSLMYAR,2735,2745,DNAPKcs,KGVAEQK,2746,2752,[K2738-K2746],,,,
Accepted,7.36E-14,1.41E-12,0.000644293,Cross-linked,Crosslink - Heavy,4,554.2980948,DNAPKcs,DQEKLSLMYAR,2735,2745,DNAPKcs,KGVAEQK,2746,2752,[K2738-K2746],,,,
Accepted,4.58E-17,1.33E-13,2.06E-07,Cross-linked,Crosslink - Heavy,4,554.2980948,DNAPKcs,DQEKLSLMYAR,2735,2745,DNAPKcs,KGVAEQK,2746,2752,[K2738-K2746],,,,
Accepted,9.36E-19,8.18E-14,2.79E-06,Cross-linked,Crosslink - Heavy,3,738.7283677,DNAPKcs,DQEKLSLMYAR,2735,2745,DNAPKcs,KGVAEQK,2746,2752,[K2738-K2746],,,,
Accepted,3.86E-13,3.55E-10,1.30E-05,Cross-linked,Crosslink - Heavy,4,554.2980948,DNAPKcs,DQEKLSLMYAR,2735,2745,DNAPKcs,KGVAEQK,2746,2752,[K2738-K2746],,,,
Accepted,3.90E-15,1.34E-08,1.22E-05,Cross-linked,Crosslink - Heavy,3,738.7283677,DNAPKcs,DQEKLSLMYAR,2735,2745,DNAPKcs,KGVAEQK,2746,2752,[K2738-K2746],,,,
Accepted,2.03E-10,1.30E-11,1.258911621,Cross-linked,Crosslink - Heavy,4,465.2647951,DNAPKcs,DQEKLSLMYAR,2735,2745,DNAPKcs,KKK,2001,2003,[K2738-K2001],,,,
Accepted,7.53E-13,1.37E-12,19.27148189,Cross-linked,Crosslink,3,618.0047466,DNAPKcs,DQEKLSLMYAR,2735,2745,DNAPKcs,KKK,2001,2003,[K2738-K2001],,,,
Accepted,1.43E-10,1.13E-09,1.430978457,Cross-linked,Crosslink - Heavy,3,620.0173014,DNAPKcs,DQEKLSLMYAR,2735,2745,DNAPKcs,KKK,2001,2003,[K2738-K2001],,,,
Accepted,7.54E-13,9.03E-13,0.021701456,Cross-linked,Crosslink - Heavy,4,519.2781681,DNAPKcs,DQEKLSLMYAR,2735,2745,DNAPKcs,TGKWK,516,520,[K2738-K518],,,,
Accepted,1.59E-13,3.04E-13,0.019071171,Cross-linked,Crosslink,4,517.768752,DNAPKcs,DQEKLSLMYAR,2735,2745,DNAPKcs,TGKWK,516,520,[K2738-K518],,,,
Accepted,5.13E-11,1.71E-12,5.182479264,Cross-linked,Crosslink,4,517.768752,DNAPKcs,DQEKLSLMYAR,2735,2745,DNAPKcs,TGKWK,516,520,[K2738-T516;K2738-K518],,,,
Accepted,2.47E-14,2.47E-12,9.22E-07,Cross-linked,Crosslink - Heavy,4,507.0376095,DNAPKcs,DSKPPGNLK,3673,3681,DNAPKcs,KFIQTFGK,3631,3638,[K3675-K3631],,,,
Accepted,7.83E-14,1.14E-09,4.74E-06,Cross-linked,Crosslink,4,505.5281934,DNAPKcs,DSKPPGNLK,3673,3681,DNAPKcs,KFIQTFGK,3631,3638,[K3675-K3631],,,,
Accepted,1.27E-10,9.39E-06,5.15E-06,Cross-linked,Crosslink - Heavy,4,460.5062109,DNAPKcs,EFDKHFGK,3639,3646,DNAPKcs,GGSKLLR,3647,3653,[K3642-S3649;K3642-K3650],,,,
Accepted,5.55E-11,7.28E-06,4.00E-06,Cross-linked,Crosslink,4,458.9967948,DNAPKcs,EFDKHFGK,3639,3646,DNAPKcs,GGSKLLR,3647,3653,[K3642-S3649;K3642-K3650],,,,
Accepted,1.46E-09,4.23E-08,0.001393893,Cross-linked,Crosslink,3,611.6599677,DNAPKcs,EFDKHFGK,3639,3646,DNAPKcs,GGSKLLR,3647,3653,[K3642-S3649;K3642-K3650],,,,
Accepted,1.08E-10,1.31E-06,6.25E-07,Cross-linked,Crosslink - Heavy,4,460.5062109,DNAPKcs,EFDKHFGK,3639,3646,DNAPKcs,GGSKLLR,3647,3653,[K3642-S3649;K3642-K3650],,,,
Accepted,4.53E-10,3.19E-07,2.90E-05,Cross-linked,Crosslink,3,611.6599677,DNAPKcs,EFDKHFGK,3639,3646,DNAPKcs,GGSKLLR,3647,3653,[K3642-S3649],,,,
Accepted,2.05E-10,2.96E-07,1.42E-07,Cross-linked,Crosslink - Heavy,4,460.5062109,DNAPKcs,EFDKHFGK,3639,3646,DNAPKcs,GGSKLLR,3647,3653,[K3642-S3649;K3642-K3650],,,,
Accepted,5.12E-11,7.03E-06,3.86E-06,Cross-linked,Crosslink,4,458.9967948,DNAPKcs,EFDKHFGK,3639,3646,DNAPKcs,GGSKLLR,3647,3653,[K3642-S3649;K3642-K3650],,,,
Accepted,4.82E-18,1.29E-11,1.56E-06,Cross-linked,Crosslink - Heavy,4,659.6009422,DNAPKcs,EHPFLVKGGEDLR,3747,3759,DNAPKcs,NFEQKMLK,4015,4022,[K3753-K4019],,,,
Accepted,1.61E-13,7.32E-12,0.00019459,Cross-linked,Crosslink,4,658.0915261,DNAPKcs,EHPFLVKGGEDLR,3747,3759,DNAPKcs,NFEQKMLK,4015,4022,[K3753-K4019],,,,
Accepted,4.34E-17,1.34E-10,1.74E-05,Cross-linked,Crosslink - Heavy,4,659.6009422,DNAPKcs,EHPFLVKGGEDLR,3747,3759,DNAPKcs,NFEQKMLK,4015,4022,[K3753-K4019],,,,
Accepted,5.17E-18,1.18E-10,2.12E-07,Cross-linked,Crosslink,4,658.0915261,DNAPKcs,EHPFLVKGGEDLR,3747,3759,DNAPKcs,NFEQKMLK,4015,4022,[K3753-K4019],,,,
Accepted,8.86E-18,1.54E-10,2.53E-07,Cross-linked,Crosslink - Heavy,4,659.6009422,DNAPKcs,EHPFLVKGGEDLR,3747,3759,DNAPKcs,NFEQKMLK,4015,4022,[K3753-K4019],,,,
Accepted,1.45E-14,9.69E-07,1.20E-07,Cross-linked,Crosslink,4,658.0915261,DNAPKcs,EHPFLVKGGEDLR,3747,3759,DNAPKcs,NFEQKMLK,4015,4022,[K3753-K4019],,,,
Accepted,9.71E-10,7.17E-12,6.28E-05,Cross-linked,Crosslink - Heavy,5,495.6726732,DNAPKcs,EHPFLVKGGEDLR,3747,3759,DNAPKcs,VTVMASLR,3726,3733,[K3753-S3731],,,,
Accepted,4.93E-10,1.93E-11,1.88E-05,Cross-linked,Crosslink - Heavy,5,495.6726732,DNAPKcs,EHPFLVKGGEDLR,3747,3759,DNAPKcs,VTVMASLR,3726,3733,[K3753-S3731],,,,
Accepted,7.32E-11,1.89E-05,1.81E-07,Cross-linked,Crosslink,5,759.024382,DNAPKcs,EIFNFVLKAIRPQIDLK,247,263,DNAPKcs,AFLGELKTQMTSAVR,199,213,[K254-K205],,,,
Accepted,2.55E-17,5.98E-06,3.99E-15,Cross-linked,Crosslink - Heavy,5,760.2319149,DNAPKcs,EIFNFVLKAIRPQIDLK,247,263,DNAPKcs,AFLGELKTQMTSAVR,199,213,[K254-K205],,,,
Accepted,6.40E-10,0.000671732,1.26E-07,Cross-linked,Crosslink,5,759.024382,DNAPKcs,EIFNFVLKAIRPQIDLK,247,263,DNAPKcs,AFLGELKTQMTSAVR,199,213,[K254-K205;K254-T206],,,,
Accepted,9.01E-16,2.44E-06,2.30E-12,Cross-linked,Crosslink,5,759.024382,DNAPKcs,EIFNFVLKAIRPQIDLK,247,263,DNAPKcs,AFLGELKTQMTSAVR,199,213,[K254-K205],,,,
Accepted,3.97E-12,4.37E-08,7.20E-06,Cross-linked,Crosslink - Heavy,3,569.6650336,DNAPKcs,EIKSELK,2756,2762,DNAPKcs,KGVAEQK,2746,2752,[K2758-K2746;S2759-K2746],,,,
Accepted,4.23E-10,1.11E-05,0.000367667,Cross-linked,Crosslink,4,490.2755671,DNAPKcs,EKEIKSELK,2754,2762,DNAPKcs,KGVAEQK,2746,2752,[K2755-K2746],,,,
Accepted,4.50E-12,5.03E-05,8.50E-10,Cross-linked,Crosslink,4,680.8446107,DNAPKcs,EPSFDWKNFEQK,4008,4019,DNAPKcs,AELAKTPVNK,3594,3603,[S4010-K3598;K4014-K3598],,,,
Accepted,4.65E-10,2.66E-05,4.59E-06,Cross-linked,Crosslink,4,683.8219784,DNAPKcs,EPSFDWKNFEQK,4008,4019,DNAPKcs,NIEKMYER,3605,3612,[S4010-K3608;K4014-K3608],,,,
Accepted,1.07E-09,0.000130482,2.25E-05,Cross-linked,Crosslink,4,683.8219784,DNAPKcs,EPSFDWKNFEQK,4008,4019,DNAPKcs,NIEKMYER,3605,3612,[S4010-K3608;K4014-K3608],,,,
Accepted,8.38E-11,9.01E-06,1.55E-06,Cross-linked,Crosslink - Heavy,4,685.3313945,DNAPKcs,EPSFDWKNFEQK,4008,4019,DNAPKcs,NIEKMYER,3605,3612,[S4010-K3608;K4014-K3608],,,,
Accepted,6.63E-10,1.74E-06,4.34E-07,Cross-linked,Crosslink,4,568.7903786,DNAPKcs,FIQTFGKEFDK,3632,3642,DNAPKcs,HFGKGGSK,3643,3650,[T3635-K3646;K3638-K3646],,,,
Accepted,1.71E-19,2.46E-12,4.37E-09,Cross-linked,Crosslink - Heavy,5,644.5563824,DNAPKcs,FMNAVFFLLPKFHGVLK,2378,2394,DNAPKcs,SKDFVQVMR,2417,2425,[K2388-S2417;K2388-K2418],,,,
Accepted,1.07E-18,2.30E-10,1.86E-10,Cross-linked,Crosslink,5,643.3488495,DNAPKcs,FMNAVFFLLPKFHGVLK,2378,2394,DNAPKcs,SKDFVQVMR,2417,2425,[K2388-S2417;K2388-K2418],,,,
Accepted,1.17E-18,4.08E-12,4.22E-09,Cross-linked,Crosslink - Heavy,5,644.5563824,DNAPKcs,FMNAVFFLLPKFHGVLK,2378,2394,DNAPKcs,SKDFVQVMR,2417,2425,[K2388-S2417;K2388-K2418],,,,
Accepted,3.63E-17,3.40E-09,2.48E-09,Cross-linked,Crosslink,5,643.3488495,DNAPKcs,FMNAVFFLLPKFHGVLK,2378,2394,DNAPKcs,SKDFVQVMR,2417,2425,[K2388-S2417;K2388-K2418],,,,
Accepted,4.70E-18,3.12E-11,4.12E-08,Cross-linked,Crosslink - Heavy,5,644.5563824,DNAPKcs,FMNAVFFLLPKFHGVLK,2378,2394,DNAPKcs,SKDFVQVMR,2417,2425,[K2388-S2417;K2388-K2418],,,,
Accepted,2.13E-09,2.12E-08,0.002751473,Cross-linked,Crosslink - Heavy,3,510.9927564,DNAPKcs,GFNKVVLK,825,832,DNAPKcs,HLKK,833,836,[K828-K835],,,,
Accepted,1.09E-10,2.26E-09,0.000858457,Cross-linked,Crosslink,3,508.9802016,DNAPKcs,GFNKVVLK,825,832,DNAPKcs,HLKK,833,836,[K828-K835],,,,
Accepted,3.79E-10,2.00E-09,0.00020281,Cross-linked,Crosslink - Heavy,4,675.110137,DNAPKcs,GGSWIQEINVAEK,4024,4036,DNAPKcs,NFEQKMLKK,4015,4023,[S4026-K4019;S4026-K4022],,,,
Accepted,7.85E-15,1.03E-10,2.28E-06,Cross-linked,Crosslink,5,790.4326515,DNAPKcs,HGDLPDIQIKHSSLITPLQAVAQR,2777,2800,DNAPKcs,APLKSVGPDFGK,2691,2702,[K2786-K2694;S2788-K2694;S2789-K2694;T2792-K2694],,,,
Accepted,2.05E-15,1.34E-17,0.080027047,Cross-linked,Crosslink - Heavy,5,677.780948,DNAPKcs,HGDLPDIQIKHSSLITPLQAVAQR,2777,2800,DNAPKcs,EKEIK,2754,2758,[K2786-K2755;S2788-K2755;S2789-K2755],,,,
Accepted,3.97E-21,2.08E-11,1.64E-13,Cross-linked,Crosslink,5,630.930187,DNAPKcs,KGGSWIQEINVAEK,4023,4036,DNAPKcs,EHPFLVKGGEDLR,3747,3759,[K4023-K3753;S4026-K3753],,,,
Accepted,3.44E-16,3.53E-07,7.36E-11,Cross-linked,Crosslink - Heavy,5,632.1377199,DNAPKcs,KGGSWIQEINVAEK,4023,4036,DNAPKcs,EHPFLVKGGEDLR,3747,3759,[S4026-K3753],,,,
Accepted,1.11E-16,4.83E-09,2.81E-09,Cross-linked,Crosslink - Heavy,4,789.9203308,DNAPKcs,KGGSWIQEINVAEK,4023,4036,DNAPKcs,EHPFLVKGGEDLR,3747,3759,[K4023-K3753;S4026-K3753],,,,
Accepted,5.10E-13,1.76E-07,1.20E-07,Cross-linked,Crosslink,4,788.4109147,DNAPKcs,KGGSWIQEINVAEK,4023,4036,DNAPKcs,EHPFLVKGGEDLR,3747,3759,[K4023-K3753;S4026-K3753],,,,
Accepted,1.15E-20,4.69E-10,4.60E-14,Cross-linked,Crosslink,5,630.930187,DNAPKcs,KGGSWIQEINVAEK,4023,4036,DNAPKcs,EHPFLVKGGEDLR,3747,3759,[K4023-K3753;S4026-K3753],,,,
Accepted,4.94E-15,5.18E-08,3.25E-08,Cross-linked,Crosslink - Heavy,4,789.9203308,DNAPKcs,KGGSWIQEINVAEK,4023,4036,DNAPKcs,EHPFLVKGGEDLR,3747,3759,[K4023-K3753;S4026-K3753],,,,
Accepted,2.34E-18,1.71E-11,1.30E-07,Cross-linked,Crosslink,4,788.4109147,DNAPKcs,KGGSWIQEINVAEK,4023,4036,DNAPKcs,EHPFLVKGGEDLR,3747,3759,[K4023-K3753;S4026-K3753],,,,
Accepted,5.76E-18,7.13E-11,2.94E-09,Cross-linked,Crosslink,5,630.930187,DNAPKcs,KGGSWIQEINVAEK,4023,4036,DNAPKcs,EHPFLVKGGEDLR,3747,3759,[S4026-K3753],,,,
Accepted,2.68E-17,7.70E-08,5.42E-10,Cross-linked,Crosslink - Heavy,4,789.9203308,DNAPKcs,KGGSWIQEINVAEK,4023,4036,DNAPKcs,EHPFLVKGGEDLR,3747,3759,[S4026-K3753],,,,
Accepted,6.43E-15,7.83E-11,4.20E-06,Cross-linked,Crosslink - Heavy,4,675.110137,DNAPKcs,KGGSWIQEINVAEK,4023,4036,DNAPKcs,NFEQKMLK,4015,4022,[K4023-K4019;S4026-K4019],,,,
Accepted,9.36E-15,4.21E-11,1.24E-06,Cross-linked,Crosslink,4,673.6007209,DNAPKcs,KGGSWIQEINVAEK,4023,4036,DNAPKcs,NFEQKMLK,4015,4022,[K4023-K4019;S4026-K4019],,,,
Accepted,5.56E-15,3.73E-11,1.40E-06,Cross-linked,Crosslink - Heavy,4,675.110137,DNAPKcs,KGGSWIQEINVAEK,4023,4036,DNAPKcs,NFEQKMLK,4015,4022,[K4023-K4019;S4026-K4019],,,,
Accepted,9.52E-13,7.85E-09,2.88E-06,Cross-linked,Crosslink,4,673.6007209,DNAPKcs,KGGSWIQEINVAEK,4023,4036,DNAPKcs,NFEQKMLK,4015,4022,[K4023-K4019;S4026-K4019],,,,
Accepted,6.17E-12,5.30E-08,1.98E-05,Cross-linked,Crosslink,4,673.6007209,DNAPKcs,KGGSWIQEINVAEK,4023,4036,DNAPKcs,NFEQKMLK,4015,4022,[S4026-K4019],,,,
Accepted,7.15E-12,2.16E-09,9.37E-07,Cross-linked,Crosslink - Heavy,4,675.110137,DNAPKcs,KGGSWIQEINVAEK,4023,4036,DNAPKcs,NFEQKMLK,4015,4022,[S4026-K4019],,,,
Accepted,1.15E-10,3.82E-06,3.80E-06,Cross-linked,Crosslink - Heavy,3,569.6650336,DNAPKcs,KGVAEQK,2746,2752,DNAPKcs,EIKSELK,2756,2762,[K2746-K2758],,,,
Accepted,4.26E-12,2.90E-05,1.10E-05,Cross-linked,Crosslink,4,557.5312528,DNAPKcs,KQNNFSLAMK,3248,3257,DNAPKcs,MKMIDSAR,3240,3247,[K3248-K3241],,,,
Accepted,2.96E-14,2.94E-06,6.65E-09,Cross-linked,Crosslink - Heavy,3,745.0517999,DNAPKcs,KQNNFSLAMK,3248,3257,DNAPKcs,MKMIDSAR,3240,3247,[K3248-K3241],,,,
Accepted,8.09E-12,6.50E-06,2.45E-06,Cross-linked,Crosslink,3,743.0392451,DNAPKcs,KQNNFSLAMK,3248,3257,DNAPKcs,MKMIDSAR,3240,3247,[K3248-K3241],,,,
Accepted,6.99E-16,6.16E-11,8.96E-08,Cross-linked,Crosslink - Heavy,4,559.0406689,DNAPKcs,KQNNFSLAMK,3248,3257,DNAPKcs,MKMIDSAR,3240,3247,[K3248-K3241],,,,
Accepted,2.30E-12,2.77E-06,8.16E-07,Cross-linked,Crosslink - Heavy,3,745.0517999,DNAPKcs,KQNNFSLAMK,3248,3257,DNAPKcs,MKMIDSAR,3240,3247,[K3248-K3241],,,,
Accepted,1.14E-12,1.21E-05,4.60E-06,Cross-linked,Crosslink,4,557.5312528,DNAPKcs,KQNNFSLAMK,3248,3257,DNAPKcs,MKMIDSAR,3240,3247,[K3248-K3241],,,,
Accepted,2.21E-10,0.000643098,1.76E-06,Cross-linked,Crosslink,3,743.0392451,DNAPKcs,KQNNFSLAMK,3248,3257,DNAPKcs,MKMIDSAR,3240,3247,[K3248-K3241;S3253-K3241],,,,
Accepted,2.76E-14,7.95E-07,2.37E-07,Cross-linked,Crosslink - Heavy,4,559.0406689,DNAPKcs,KQNNFSLAMK,3248,3257,DNAPKcs,MKMIDSAR,3240,3247,[K3248-K3241],,,,
Accepted,6.68E-13,6.99E-05,1.84E-07,Cross-linked,Crosslink,4,557.5312528,DNAPKcs,KQNNFSLAMK,3248,3257,DNAPKcs,MKMIDSAR,3240,3247,[K3248-K3241],,,,
Accepted,1.07E-08,5.13E-08,0.021278703,Cross-linked,Crosslink - Heavy,3,475.9492163,DNAPKcs,KYIEIR,2003,2008,DNAPKcs,KEAR,2009,2012,[K2003-K2009],,,,
Accepted,1.11E-10,1.26E-06,2.14E-10,Cross-linked,Crosslink - Heavy,6,556.644254,DNAPKcs,LIFEKFSGKDPNSK,2255,2268,DNAPKcs,LLNFLMKHVFHPK,2215,2227,[K2259-K2221],,,,
Accepted,6.39E-15,9.63E-12,5.02E-12,Cross-linked,Crosslink - Heavy,6,556.644254,DNAPKcs,LIFEKFSGKDPNSK,2255,2268,DNAPKcs,LLNFLMKHVFHPK,2215,2227,[K2259-K2221],,,,
Accepted,8.15E-10,4.87E-10,2.82E-08,Cross-linked,Crosslink,6,555.6379766,DNAPKcs,LIFEKFSGKDPNSK,2255,2268,DNAPKcs,LLNFLMKHVFHPK,2215,2227,[K2259-K2221],,,,
Accepted,1.20E-10,3.74E-10,3.02E-07,Cross-linked,Crosslink - Heavy,5,559.5217245,DNAPKcs,LLNFLMKHVFHPK,2215,2227,DNAPKcs,LIFEKFSGK,2255,2263,[K2221-K2259],,,,
Accepted,2.98E-11,5.97E-10,1.07E-06,Cross-linked,Crosslink,5,558.3141916,DNAPKcs,LLNFLMKHVFHPK,2215,2227,DNAPKcs,LIFEKFSGK,2255,2263,[K2221-K2259],,,,
Accepted,1.87E-10,0.000789095,4.16E-08,Cross-linked,Crosslink - Heavy,4,518.8087927,DNAPKcs,LLPAELPAKR,2900,2909,DNAPKcs,AAQKGFNK,821,828,[K2908-K824],,,,
Accepted,5.88E-11,6.26E-13,0.014446423,Cross-linked,Crosslink,4,409.2491555,DNAPKcs,LLPAELPAKR,2900,2909,DNAPKcs,GKAR,2912,2915,[K2908-K2913],,,,
Accepted,7.84E-13,9.38E-09,7.19E-08,Cross-linked,Crosslink - Heavy,5,427.8498646,DNAPKcs,LLPAELPAKR,2900,2909,DNAPKcs,GSKDHNIR,4083,4090,[K2908-K4085],,,,
Accepted,1.54E-08,2.34E-06,1.38E-08,Cross-linked,Crosslink,5,426.6423317,DNAPKcs,LLPAELPAKR,2900,2909,DNAPKcs,GSKDHNIR,4083,4090,[K2908-S4084;K2908-K4085],,,,
Accepted,4.34E-09,5.83E-07,1.71E-05,Cross-linked,Crosslink - Heavy,5,624.5229931,DNAPKcs,LSDFNDITNMLLLKMNK,3656,3672,DNAPKcs,EFDKHFGK,3639,3646,[T3663-K3642;K3669-K3642],,,,
Accepted,1.06E-07,1.71E-06,7.23E-05,Cross-linked,Crosslink - Heavy,5,624.5229931,DNAPKcs,LSDFNDITNMLLLKMNK,3656,3672,DNAPKcs,EFDKHFGK,3639,3646,[T3663-K3642;K3669-K3642],,,,
Accepted,5.99E-09,2.67E-06,7.93E-06,Cross-linked,Crosslink - Heavy,4,780.4019224,DNAPKcs,LSDFNDITNMLLLKMNK,3656,3672,DNAPKcs,EFDKHFGK,3639,3646,[T3663-K3642;K3669-K3642],,,,
Accepted,6.99E-08,5.58E-09,0.005578082,Cross-linked,Crosslink - Heavy,5,720.5819501,DNAPKcs,LSDFNDITNMLLLKMNK,3656,3672,DNAPKcs,KFIQTFGKEFDK,3631,3642,[T3663-T3635;T3663-K3638;K3669-T3635;K3669-K3638],,,,
Accepted,5.51E-10,1.92E-07,2.38E-06,Cross-linked,Crosslink,4,573.8121537,DNAPKcs,MKQDAQVVLYR,2763,2773,DNAPKcs,EIKSELK,2756,2762,[K2764-K2758],,,,
Accepted,8.45E-16,5.61E-14,2.74E-06,Cross-linked,Crosslink - Heavy,5,635.3289252,DNAPKcs,MYAALGDPKAPGLGAFR,3613,3629,DNAPKcs,EFDKHFGKGGSK,3639,3650,[K3621-K3646],,,,
Accepted,2.40E-17,4.82E-17,2.31E-05,Cross-linked,Crosslink - Heavy,5,635.3289252,DNAPKcs,MYAALGDPKAPGLGAFR,3613,3629,DNAPKcs,EFDKHFGKGGSK,3639,3650,[K3621-K3646],,,,
Accepted,2.74E-20,2.31E-15,8.89E-06,Cross-linked,Crosslink,4,798.1573972,DNAPKcs,MYAALGDPKAPGLGAFR,3613,3629,DNAPKcs,FIQTFGKEFDK,3632,3642,[K3621-T3635;K3621-K3638],,,,
Accepted,2.91E-18,7.85E-17,0.000564255,Cross-linked,Crosslink - Heavy,4,799.6668133,DNAPKcs,MYAALGDPKAPGLGAFR,3613,3629,DNAPKcs,FIQTFGKEFDK,3632,3642,[K3621-T3635;K3621-K3638],,,,
Accepted,7.97E-17,8.20E-15,4.29E-05,Cross-linked,Crosslink - Heavy,4,799.6668133,DNAPKcs,MYAALGDPKAPGLGAFR,3613,3629,DNAPKcs,FIQTFGKEFDK,3632,3642,[K3621-T3635;K3621-K3638],,,,
Accepted,6.45E-16,2.56E-10,4.77E-05,Cross-linked,Crosslink,4,798.1573972,DNAPKcs,MYAALGDPKAPGLGAFR,3613,3629,DNAPKcs,FIQTFGKEFDK,3632,3642,[K3621-T3635;K3621-K3638],,,,
Accepted,5.25E-19,3.44E-12,4.59E-07,Cross-linked,Crosslink - Heavy,4,799.6668133,DNAPKcs,MYAALGDPKAPGLGAFR,3613,3629,DNAPKcs,FIQTFGKEFDK,3632,3642,[K3621-T3635;K3621-K3638],,,,
Accepted,1.31E-13,2.73E-09,4.85E-06,Cross-linked,Crosslink,4,798.1573972,DNAPKcs,MYAALGDPKAPGLGAFR,3613,3629,DNAPKcs,FIQTFGKEFDK,3632,3642,[K3621-T3635;K3621-K3638],,,,
Accepted,9.14E-13,1.44E-11,6.59E-05,Cross-linked,Crosslink - Heavy,5,733.7836563,DNAPKcs,MYAALGDPKAPGLGAFR,3613,3629,DNAPKcs,FIQTFGKEFDKHFGK,3632,3646,[K3621-T3635;K3621-K3638;K3621-K3642],,,,
Accepted,2.13E-17,5.66E-14,1.38E-06,Cross-linked,Crosslink - Heavy,4,664.1011093,DNAPKcs,MYAALGDPKAPGLGAFR,3613,3629,DNAPKcs,HFGKGGSK,3643,3650,[K3621-K3646],,,,
Accepted,2.07E-14,1.74E-11,1.51E-05,Cross-linked,Crosslink - Heavy,4,664.1011093,DNAPKcs,MYAALGDPKAPGLGAFR,3613,3629,DNAPKcs,HFGKGGSK,3643,3650,[K3621-K3646],,,,
Accepted,6.85E-13,1.95E-11,0.000386983,Cross-linked,Crosslink,4,662.5916932,DNAPKcs,MYAALGDPKAPGLGAFR,3613,3629,DNAPKcs,HFGKGGSK,3643,3650,[K3621-K3646],,,,
Accepted,1.60E-11,3.17E-08,1.71E-06,Cross-linked,Crosslink,3,681.0105602,DNAPKcs,NIEKMYER,3605,3612,DNAPKcs,NKEFVAR,3551,3557,[K3608-K3552],,,,
Accepted,2.48E-12,6.95E-08,3.87E-08,Cross-linked,Crosslink - Heavy,3,683.023115,DNAPKcs,NIEKMYER,3605,3612,DNAPKcs,NKEFVAR,3551,3557,[K3608-K3552],,,,
Accepted,3.54E-11,2.45E-08,3.70E-07,Cross-linked,Crosslink,5,611.7171115,DNAPKcs,NNITQKLLQDFNR,2830,2842,DNAPKcs,EMDKFKTLSEK,2819,2829,[T2833-K2822;T2833-K2824;K2835-K2822;K2835-K2824],,,,
Accepted,3.57E-11,2.39E-07,7.69E-08,Cross-linked,Crosslink - Heavy,5,612.9246444,DNAPKcs,NNITQKLLQDFNR,2830,2842,DNAPKcs,EMDKFKTLSEK,2819,2829,[T2833-K2822;T2833-K2824;K2835-K2822;K2835-K2824],,,,
Accepted,2.13E-11,2.14E-09,7.70E-06,Cross-linked,Crosslink - Heavy,4,640.1027406,DNAPKcs,NNITQKLLQDFNR,2830,2842,DNAPKcs,FKTLSEK,2823,2829,[K2835-K2824],,,,
Accepted,3.46E-12,4.24E-07,0.000192113,Cross-linked,Crosslink - Heavy,3,853.1345622,DNAPKcs,NNITQKLLQDFNR,2830,2842,DNAPKcs,FKTLSEK,2823,2829,[K2835-K2824],,,,
Accepted,2.85E-14,1.56E-10,5.48E-06,Cross-linked,Crosslink,4,638.5933245,DNAPKcs,NNITQKLLQDFNR,2830,2842,DNAPKcs,FKTLSEK,2823,2829,[T2833-K2824;K2835-K2824],,,,
Accepted,3.19E-16,1.18E-12,5.57E-06,Cross-linked,Crosslink,4,638.5933245,DNAPKcs,NNITQKLLQDFNR,2830,2842,DNAPKcs,FKTLSEK,2823,2829,[T2833-K2824;K2835-K2824],,,,
Accepted,1.67E-14,1.10E-09,1.88E-05,Cross-linked,Crosslink - Heavy,4,640.1027406,DNAPKcs,NNITQKLLQDFNR,2830,2842,DNAPKcs,FKTLSEK,2823,2829,[T2833-K2824;K2835-K2824],,,,
Accepted,2.30E-10,1.73E-06,1.06E-05,Cross-linked,Crosslink - Heavy,3,853.1345622,DNAPKcs,NNITQKLLQDFNR,2830,2842,DNAPKcs,FKTLSEK,2823,2829,[T2833-K2824;K2835-K2824],,,,
Accepted,1.81E-12,1.08E-09,1.15E-07,Cross-linked,Crosslink - Heavy,4,640.1027406,DNAPKcs,NNITQKLLQDFNR,2830,2842,DNAPKcs,FKTLSEK,2823,2829,[K2835-K2824],,,,
Accepted,8.46E-12,5.88E-09,0.018674804,Cross-linked,Crosslink - Heavy,3,853.1345622,DNAPKcs,NNITQKLLQDFNR,2830,2842,DNAPKcs,FKTLSEK,2823,2829,[T2833-K2824;K2835-K2824],,,,
Accepted,4.28E-19,1.14E-11,6.04E-08,Cross-linked,Crosslink - Heavy,4,738.6634279,DNAPKcs,NVDSNNKELSIAIR,351,364,DNAPKcs,KAALSALESFLK,310,321,[S354-S314;K357-S314],,,,
Accepted,1.52E-13,3.73E-08,0.000116603,Cross-linked,Crosslink,4,737.1540118,DNAPKcs,NVDSNNKELSIAIR,351,364,DNAPKcs,KAALSALESFLK,310,321,[S354-S314;K357-S314],,,,
Accepted,3.33E-14,1.34E-08,4.84E-05,Cross-linked,Crosslink,4,737.1540118,DNAPKcs,NVDSNNKELSIAIR,351,364,DNAPKcs,KAALSALESFLK,310,321,[S354-S314;K357-S314],,,,
Accepted,2.06E-14,6.25E-09,2.07E-05,Cross-linked,Crosslink - Heavy,4,738.6634279,DNAPKcs,NVDSNNKELSIAIR,351,364,DNAPKcs,KAALSALESFLK,310,321,[S354-K310;S354-S314;K357-K310;K357-S314],,,,
Accepted,2.47E-11,7.79E-06,0.000394626,Cross-linked,Crosslink,4,737.1540118,DNAPKcs,NVDSNNKELSIAIR,351,364,DNAPKcs,KAALSALESFLK,310,321,[S354-S314;K357-S314],,,,
Accepted,4.50E-11,4.05E-08,0.000148629,Cross-linked,Crosslink - Heavy,4,738.6634279,DNAPKcs,NVDSNNKELSIAIR,351,364,DNAPKcs,KAALSALESFLK,310,321,[S354-S314;K357-S314],,,,
Accepted,4.74E-16,7.09E-10,3.40E-05,Cross-linked,Crosslink,4,607.5764031,DNAPKcs,NVDSNNKELSIAIR,351,364,DNAPKcs,KGVAEQK,2746,2752,[S354-K2746;K357-K2746],,,,
Accepted,1.67E-17,9.99E-12,5.03E-05,Cross-linked,Crosslink,4,607.5764031,DNAPKcs,NVDSNNKELSIAIR,351,364,DNAPKcs,KGVAEQK,2746,2752,[S354-K2746;K357-K2746],,,,
Accepted,6.27E-12,1.34E-11,1.69E-05,Cross-linked,Crosslink,4,623.089412,DNAPKcs,NVDSNNKELSIAIR,351,364,DNAPKcs,KYIEIR,2003,2008,[S354-K2003;K357-K2003],,,,
Accepted,5.17E-13,4.00E-07,5.55E-08,Cross-linked,Crosslink,4,804.1732442,DNAPKcs,QLFSSLFSGILKEMDK,2807,2822,DNAPKcs,TLSEKNNITQK,2825,2835,[S2810-S2827;S2810-K2829;S2811-S2827;S2811-K2829;S2814-S2827;S2814-K2829;K2818-S2827;K2818-K2829],,,,
Accepted,1.26E-16,2.24E-14,3.75E-08,Cross-linked,Crosslink - Heavy,3,743.0576528,DNAPKcs,SLGPPQGEEDSVPR,2107,2120,DNAPKcs,VKGAAGR,2716,2722,[S2107-K2717],,,,
Accepted,4.25E-14,5.07E-12,5.65E-06,Cross-linked,Crosslink,3,741.045098,DNAPKcs,SLGPPQGEEDSVPR,2107,2120,DNAPKcs,VKGAAGR,2716,2722,[S2107-K2717],,,,
Accepted,1.36E-16,1.24E-16,0.000354232,Cross-linked,Crosslink,3,741.045098,DNAPKcs,SLGPPQGEEDSVPR,2107,2120,DNAPKcs,VKGAAGR,2716,2722,[S2107-K2717],,,,
Accepted,1.01E-16,1.94E-14,3.49E-08,Cross-linked,Crosslink - Heavy,3,743.0576528,DNAPKcs,SLGPPQGEEDSVPR,2107,2120,DNAPKcs,VKGAAGR,2716,2722,[S2107-K2717],,,,
Accepted,3.30E-13,1.97E-10,4.18E-08,Cross-linked,Crosslink - Heavy,3,743.0576528,DNAPKcs,SLGPPQGEEDSVPR,2107,2120,DNAPKcs,VKGAAGR,2716,2722,[S2107-K2717],,,,
Accepted,2.94E-11,1.15E-05,2.33E-11,Cross-linked,Crosslink - Heavy,5,942.2755003,DNAPKcs,SSFDWLTGSSTDPLVDHTSPSSDSLLFAHKR,2654,2684,DNAPKcs,APLKSVGPDFGK,2691,2702,[T2660-K2694;S2662-K2694;S2663-K2694;T2664-K2694;T2671-K2694;S2672-K2694;S2674-K2694;S2675-K2694;S2677-K2694;K2683-K2694],,,,
Accepted,1.68E-14,1.42E-10,5.41E-06,Cross-linked,Crosslink,4,691.3634333,DNAPKcs,TKNLSSNEAISLEEIR,837,852,DNAPKcs,AAQKGFNK,821,828,[T837-K824;K838-K824],,,,
Accepted,1.04E-12,9.09E-09,2.57E-06,Cross-linked,Crosslink,4,691.3634333,DNAPKcs,TKNLSSNEAISLEEIR,837,852,DNAPKcs,AAQKGFNK,821,828,[T837-K824;K838-K824],,,,
Accepted,1.59E-11,5.44E-11,0.133221219,Cross-linked,Crosslink,4,606.8327747,DNAPKcs,TKNLSSNEAISLEEIR,837,852,DNAPKcs,HLKK,833,836,[T837-K835;K838-K835],,,,
Accepted,1.62E-14,2.41E-11,2.85E-05,Cross-linked,Crosslink,4,767.3836256,DNAPKcs,TSALSDETKNNWEVSALSR,802,820,DNAPKcs,AAQKGFNK,821,828,[S806-K824;T809-K824;K810-K824],,,,
Accepted,8.12E-14,1.37E-10,7.28E-05,Cross-linked,Crosslink - Heavy,4,762.1676061,DNAPKcs,TSALSDETKNNWEVSALSR,802,820,DNAPKcs,VVLKHLK,829,835,[S806-K832;T809-K832;K810-K832],,,,
Accepted,4.80E-14,1.39E-10,0.000113734,Cross-linked,Crosslink - Heavy,4,762.1676061,DNAPKcs,TSALSDETKNNWEVSALSR,802,820,DNAPKcs,VVLKHLK,829,835,[S806-K832;T809-K832;K810-K832],,,,
Accepted,1.26E-13,1.28E-09,1.56E-06,Cross-linked,Crosslink - Heavy,5,625.9264025,DNAPKcs,VINAKDVDFMYVELIQR,375,391,DNAPKcs,NAEMHKNK,330,337,[K379-K335;Y385-K335],,,,
Accepted,1.19E-15,5.77E-10,9.75E-06,Cross-linked,Crosslink - Heavy,4,782.1561841,DNAPKcs,VINAKDVDFMYVELIQR,375,391,DNAPKcs,NAEMHKNK,330,337,[K379-K335],,,,
Accepted,1.29E-14,2.43E-09,1.52E-05,Cross-linked,Crosslink,5,624.7188696,DNAPKcs,VINAKDVDFMYVELIQR,375,391,DNAPKcs,NAEMHKNK,330,337,[K379-K335],,,,
Accepted,1.36E-14,9.21E-10,3.07E-07,Cross-linked,Crosslink,4,780.646768,DNAPKcs,VINAKDVDFMYVELIQR,375,391,DNAPKcs,NAEMHKNK,330,337,[K379-K335;Y385-K335],,,,
Accepted,6.24E-13,1.78E-10,0.001416499,Cross-linked,Crosslink - Heavy,5,625.9264025,DNAPKcs,VINAKDVDFMYVELIQR,375,391,DNAPKcs,NAEMHKNK,330,337,[K379-K335],,,,
Accepted,1.52E-13,1.72E-10,4.17E-05,Cross-linked,Crosslink,5,624.7188696,DNAPKcs,VINAKDVDFMYVELIQR,375,391,DNAPKcs,NAEMHKNK,330,337,[K379-K335],,,,
Accepted,1.82E-10,1.09E-05,6.96E-06,Cross-linked,Crosslink - Heavy,5,625.9264025,DNAPKcs,VINAKDVDFMYVELIQR,375,391,DNAPKcs,NAEMHKNK,330,337,[K379-K335],,,,
Accepted,7.79E-15,5.27E-13,6.37E-05,Cross-linked,Crosslink,4,780.646768,DNAPKcs,VINAKDVDFMYVELIQR,375,391,DNAPKcs,NAEMHKNK,330,337,[K379-K335],,,,
Accepted,9.08E-11,1.77E-07,9.58E-06,Cross-linked,Crosslink,5,624.7188696,DNAPKcs,VINAKDVDFMYVELIQR,375,391,DNAPKcs,NAEMHKNK,330,337,[K379-K335;Y385-K335],,,,
Accepted,8.37E-10,1.14E-06,0.000294515,Cross-linked,Crosslink - Heavy,4,559.8034416,DNAPKcs,VPTYKDYVDLFR,521,532,DNAPKcs,TGKWK,516,520,[T523-K518;Y524-K518;K525-K518;Y527-K518],,,,
Accepted,9.26E-11,3.26E-08,0.032850391,Cross-linked,Crosslink,4,684.1350908,DNAPKcs,YKEVYAAAAEVLGLILR,2312,2328,DNAPKcs,KGVAEQK,2746,2752,[Y2312-K2746;K2313-K2746],,,,
Accepted,1.48E-12,7.34E-09,3.37E-08,Cross-linked,Crosslink - Heavy,4,898.1903265,DNAPKcs,YPDAKMDPMNIWDDIITNR,3168,3186,DNAPKcs,KQNNFSLAMK,3248,3257,[K3172-K3248],,,,
Accepted,4.53E-09,3.48E-08,2.28E-05,Cross-linked,Crosslink,4,896.6809104,DNAPKcs,YPDAKMDPMNIWDDIITNR,3168,3186,DNAPKcs,KQNNFSLAMK,3248,3257,[K3172-K3248],,,,
Accepted,9.76E-14,3.59E-05,1.58E-14,Cross-linked,Crosslink - Heavy,4,898.1903265,DNAPKcs,YPDAKMDPMNIWDDIITNR,3168,3186,DNAPKcs,KQNNFSLAMK,3248,3257,[Y3168-K3248;K3172-K3248],,,,
Accepted,2.21E-12,4.50E-08,2.73E-07,Cross-linked,Crosslink,4,896.6809104,DNAPKcs,YPDAKMDPMNIWDDIITNR,3168,3186,DNAPKcs,KQNNFSLAMK,3248,3257,[K3172-K3248],,,,
Accepted,8.07E-15,8.45E-12,2.87E-07,Cross-linked,Crosslink,4,896.6809104,DNAPKcs,YPDAKMDPMNIWDDIITNR,3168,3186,DNAPKcs,KQNNFSLAMK,3248,3257,[K3172-K3248],,,,
Accepted,1.40E-10,1.75E-08,2.57E-08,Cross-linked,Crosslink - Heavy,4,840.9055089,DNAPKcs,YPDAKMDPMNIWDDIITNR,3168,3186,DNAPKcs,MKMIDSAR,3240,3247,[K3172-K3241],,,,