Decision,E,E-Alpha,E-Beta,Type,Modification Name,z,m/z,Protein 1,Peptide 1,Start 1,Stop 1,Protein 2,Peptide 2,Start 2, Stop 2,Selected Sites,Notes
Accepted,2.28E-25,3.31E-19,9.81E-11,Cross-linked,Bound,5,798.842041,DNAPKcs,HGDLPDIQIKHSSLITPLQAVAQR,2777,2800,DNAPKcs,APLKSVGPDFGK,2691,2702,[K2786-K2694;S2788-K2694;S2789-K2694],
Accepted,5.86E-22,1.11E-11,1.26E-15,Cross-linked,Bound,4,959.0403954,DNAPKcs,EIFNFVLKAIRPQIDLK,247,263,DNAPKcs,AFLGELKTQMTSAVR,199,213,[K254-K205],
Accepted,2.23E-20,1.36E-14,1.50E-12,Cross-linked,Bound,4,899.7069761,DNAPKcs,TSALSDETKNNWEVSALSR,802,820,DNAPKcs,MKQDAQVVLYR,2763,2773,[S806-K2764;T809-K2764;K810-K2764],
Accepted,5.01E-19,4.27E-10,3.88E-12,Cross-linked,Bound,4,814.4459797,DNAPKcs,FMNAVFFLLPKFHGVLK,2378,2394,DNAPKcs,SKDFVQVMR,2417,2425,[K2388-S2417;K2388-K2418],
Accepted,5.34E-16,5.85E-09,4.27E-11,Cross-linked,Bound Heavy,5,654.1733048,DNAPKcs,FMNAVFFLLPKFHGVLK,2378,2394,DNAPKcs,SKDFVQVMR,2417,2425,[K2388-S2417;K2388-K2418],
Accepted,4.30E-17,4.17E-09,2.99E-11,Cross-linked,Bound,5,651.758239,DNAPKcs,FMNAVFFLLPKFHGVLK,2378,2394,DNAPKcs,SKDFVQVMR,2417,2425,[K2388-S2417;K2388-K2418],
Accepted,5.03E-18,2.78E-10,1.61E-10,Cross-linked,Bound Heavy,4,801.9414838,DNAPKcs,KGGSWIQEINVAEK,4023,4036,DNAPKcs,EHPFLVKGGEDLR,3747,3759,[S4026-K3753],
Accepted,6.83E-21,1.44E-10,1.29E-12,Cross-linked,Bound,4,814.4459797,DNAPKcs,FMNAVFFLLPKFHGVLK,2378,2394,DNAPKcs,SKDFVQVMR,2417,2425,[K2388-S2417;K2388-K2418],
Accepted,2.27E-19,1.15E-11,7.03E-10,Cross-linked,Bound Heavy,4,679.6377452,DNAPKcs,APLKSVGPDFGK,2691,2702,DNAPKcs,MKQDAQVVLYR,2763,2773,[K2694-K2764],
Accepted,1.63E-16,1.21E-08,1.37E-10,Cross-linked,Bound Heavy,5,641.7546423,DNAPKcs,KGGSWIQEINVAEK,4023,4036,DNAPKcs,EHPFLVKGGEDLR,3747,3759,[S4026-K3753],
Accepted,1.60E-18,1.53E-12,3.37E-09,Cross-linked,Bound Heavy,4,750.6845809,DNAPKcs,NVDSNNKELSIAIR,351,364,DNAPKcs,KAALSALESFLK,310,321,[S354-K310;S354-S314;K357-K310;K357-S314],
Accepted,3.37E-17,8.73E-11,3.18E-09,Cross-linked,Bound,4,798.9226516,DNAPKcs,KGGSWIQEINVAEK,4023,4036,DNAPKcs,EHPFLVKGGEDLR,3747,3759,[S4026-K3753],
Accepted,6.07E-19,1.08E-14,6.58E-09,Cross-linked,Bound Heavy,5,537.4991313,DNAPKcs,EHPFLVKGGEDLR,3747,3759,DNAPKcs,NFEQKMLK,4015,4022,[K3753-K4019],
Accepted,2.24E-15,1.32E-09,2.28E-11,Cross-linked,Bound,5,490.4729724,DNAPKcs,ALKLNSNEAR,3453,3462,DNAPKcs,GKPLPEYHVR,3709,3718,[K3455-K3710],
Accepted,1.57E-18,6.68E-11,3.84E-11,Cross-linked,Bound Heavy,4,679.6377452,DNAPKcs,APLKSVGPDFGK,2691,2702,DNAPKcs,MKQDAQVVLYR,2763,2773,[K2694-K2764],
Accepted,1.45E-16,1.66E-12,4.34E-08,Cross-linked,Bound,4,563.3004156,DNAPKcs,DQEKLSLMYAR,2735,2745,DNAPKcs,KGVAEQK,2746,2752,[K2738-K2746],
Accepted,2.07E-19,2.69E-14,2.79E-07,Cross-linked,Bound,3,865.1376566,DNAPKcs,NNITQKLLQDFNR,2830,2842,DNAPKcs,FKTLSEK,2823,2829,[T2833-K2824;K2835-K2824],
Accepted,1.17E-09,9.62E-08,1.15E-07,Cross-linked,Bound,5,706.9821155,DNAPKcs,QLFSSLFSGILKEMDKFK,2807,2824,DNAPKcs,TLSEKNNITQK,2825,2835,[S2810-S2827;S2810-K2829;S2811-S2827;S2811-K2829;S2814-S2827;S2814-K2829;K2818-S2827;K2818-K2829],
Accepted,1.64E-16,1.88E-08,3.12E-12,Cross-linked,Bound Heavy,4,817.4648119,DNAPKcs,FMNAVFFLLPKFHGVLK,2378,2394,DNAPKcs,SKDFVQVMR,2417,2425,[K2388-S2417;K2388-K2418],
Accepted,5.96E-18,8.45E-17,7.42E-05,Cross-linked,Bound Heavy,4,794.1773371,DNAPKcs,VINAKDVDFMYVELIQR,375,391,DNAPKcs,NAEMHKNK,330,337,[K379-K335],
Accepted,2.64E-15,1.69E-08,7.52E-09,Cross-linked,Bound,5,767.4337715,DNAPKcs,EIFNFVLKAIRPQIDLK,247,263,DNAPKcs,AFLGELKTQMTSAVR,199,213,[K254-K205],
Accepted,1.86E-14,4.59E-12,2.73E-08,Cross-linked,Bound,4,649.1050614,DNAPKcs,NNITQKLLQDFNR,2830,2842,DNAPKcs,FKTLSEK,2823,2829,[T2833-K2824;K2835-K2824],
Accepted,3.10E-17,1.74E-12,6.59E-09,Cross-linked,Bound Heavy,4,777.9251395,DNAPKcs,NNITQKLLQDFNR,2830,2842,DNAPKcs,EMDKFKTLSEK,2819,2829,[T2833-K2822;T2833-K2824;K2835-K2822;K2835-K2824],
Accepted,2.96E-15,4.42E-09,5.06E-11,Cross-linked,Bound,4,612.8393965,DNAPKcs,GKPLPEYHVR,3709,3718,DNAPKcs,ALKLNSNEAR,3453,3462,[K3710-K3455],
Accepted,1.29E-15,7.04E-09,6.70E-11,Cross-linked,Bound Heavy,4,615.8582287,DNAPKcs,ALKLNSNEAR,3453,3462,DNAPKcs,GKPLPEYHVR,3709,3718,[K3455-K3710],
Accepted,7.04E-16,6.93E-12,9.94E-08,Cross-linked,Bound,4,907.1926473,DNAPKcs,YPDAKMDPMNIWDDIITNR,3168,3186,DNAPKcs,KQNNFSLAMK,3248,3257,[K3172-K3248],
Accepted,1.46E-14,3.44E-08,1.25E-10,Cross-linked,Bound Heavy,5,437.466787,DNAPKcs,LLPAELPAKR,2900,2909,DNAPKcs,GSKDHNIR,4083,4090,[K2908-K4085],
Accepted,2.81E-18,1.29E-14,5.47E-08,Cross-linked,Bound Heavy,4,506.5576583,DNAPKcs,APLKSVGPDFGK,2691,2702,DNAPKcs,VKGAAGR,2716,2722,[K2694-K2717],
Accepted,1.75E-16,4.87E-13,7.53E-07,Cross-linked,Bound,5,535.0840656,DNAPKcs,EHPFLVKGGEDLR,3747,3759,DNAPKcs,NFEQKMLK,4015,4022,[K3753-K4019],
Accepted,1.81E-14,4.52E-07,2.30E-12,Cross-linked,Bound,5,651.758239,DNAPKcs,FMNAVFFLLPKFHGVLK,2378,2394,DNAPKcs,SKDFVQVMR,2417,2425,[K2388-S2417;K2388-K2418],
Accepted,3.11E-17,5.67E-14,6.51E-07,Cross-linked,Bound Heavy,3,869.1627662,DNAPKcs,NNITQKLLQDFNR,2830,2842,DNAPKcs,FKTLSEK,2823,2829,[T2833-K2824;K2835-K2824],
Accepted,1.72E-16,9.83E-13,3.46E-06,Cross-linked,Bound,3,750.7314621,DNAPKcs,DQEKLSLMYAR,2735,2745,DNAPKcs,KGVAEQK,2746,2752,[K2738-K2746],
Accepted,2.47E-15,3.44E-11,1.91E-06,Cross-linked,Bound,4,503.5388261,DNAPKcs,APLKSVGPDFGK,2691,2702,DNAPKcs,VKGAAGR,2716,2722,[K2694-K2717],
Accepted,3.15E-15,9.70E-15,1.48E-05,Cross-linked,Bound,4,649.1050614,DNAPKcs,NNITQKLLQDFNR,2830,2842,DNAPKcs,FKTLSEK,2823,2829,[T2833-K2824;K2835-K2824],
Accepted,9.93E-15,2.34E-13,0.000119252,Cross-linked,Bound Heavy,4,566.3192478,DNAPKcs,DQEKLSLMYAR,2735,2745,DNAPKcs,KGVAEQK,2746,2752,[K2738-K2746],
Accepted,8.11E-14,9.04E-11,2.19E-07,Cross-linked,Bound,5,633.1282591,DNAPKcs,VINAKDVDFMYVELIQR,375,391,DNAPKcs,NAEMHKNK,330,337,[K379-K335;Y385-K335],
Accepted,7.42E-16,3.27E-10,3.83E-07,Cross-linked,Bound,4,808.6691341,DNAPKcs,MYAALGDPKAPGLGAFR,3613,3629,DNAPKcs,FIQTFGKEFDK,3632,3642,[K3621-T3635;K3621-K3638],
Accepted,8.74E-15,9.73E-14,5.76E-05,Cross-linked,Bound Heavy,5,635.5433249,DNAPKcs,VINAKDVDFMYVELIQR,375,391,DNAPKcs,NAEMHKNK,330,337,[K379-K335;Y385-K335],
Accepted,4.20E-09,0.000108176,5.02E-09,Cross-linked,Bound Heavy,5,769.8488373,DNAPKcs,EIFNFVLKAIRPQIDLK,247,263,DNAPKcs,AFLGELKTQMTSAVR,199,213,[K254-K205],
Accepted,8.41E-18,2.57E-14,4.01E-05,Cross-linked,Bound Heavy,3,827.8068709,DNAPKcs,NVDSNNKELSIAIR,351,364,DNAPKcs,KGVAEQK,2746,2752,[S354-K2746;K357-K2746],
Accepted,2.17E-12,7.98E-06,5.11E-11,Cross-linked,Bound Heavy,5,769.8488373,DNAPKcs,EIFNFVLKAIRPQIDLK,247,263,DNAPKcs,AFLGELKTQMTSAVR,199,213,[K254-K205],
Accepted,3.06E-08,1.36E-06,3.12E-06,Cross-linked,Bound,5,706.9821155,DNAPKcs,QLFSSLFSGILKEMDKFK,2807,2824,DNAPKcs,TLSEKNNITQK,2825,2835,[S2810-S2827;S2810-K2829;S2811-S2827;S2811-K2829;S2814-S2827;S2814-K2829;K2818-S2827;K2818-K2829],
Accepted,1.59E-14,9.39E-13,1.21E-08,Cross-linked,Bound Heavy,4,852.9266619,DNAPKcs,YPDAKMDPMNIWDDIITNR,3168,3186,DNAPKcs,MKMIDSAR,3240,3247,[K3172-K3241],
Accepted,8.55E-13,1.16E-12,0.000439798,Cross-linked,Bound,5,740.985513,DNAPKcs,MYAALGDPKAPGLGAFR,3613,3629,DNAPKcs,FIQTFGKEFDKHFGK,3632,3646,[K3621-T3635;K3621-K3638],
Accepted,7.99E-16,1.79E-11,1.31E-06,Cross-linked,Bound,4,503.5388261,DNAPKcs,APLKSVGPDFGK,2691,2702,DNAPKcs,VKGAAGR,2716,2722,[K2694-K2717],
Accepted,1.16E-16,4.09E-13,2.64E-07,Cross-linked,Bound,4,774.9063073,DNAPKcs,NNITQKLLQDFNR,2830,2842,DNAPKcs,EMDKFKTLSEK,2819,2829,[T2833-K2822;T2833-K2824;K2835-K2822;K2835-K2824],
Accepted,7.86E-15,7.63E-13,4.44E-05,Cross-linked,Bound Heavy,5,635.5433249,DNAPKcs,VINAKDVDFMYVELIQR,375,391,DNAPKcs,NAEMHKNK,330,337,[K379-K335],
Accepted,1.01E-15,2.09E-14,2.83E-05,Cross-linked,Bound,3,865.1376566,DNAPKcs,NNITQKLLQDFNR,2830,2842,DNAPKcs,FKTLSEK,2823,2829,[T2833-K2824;K2835-K2824],
Accepted,4.38E-17,3.18E-11,1.91E-07,Cross-linked,Bound Heavy,4,777.9251395,DNAPKcs,NNITQKLLQDFNR,2830,2842,DNAPKcs,EMDKFKTLSEK,2819,2829,[T2833-K2822;T2833-K2824;K2835-K2822;K2835-K2824],
Accepted,2.56E-16,2.31E-12,9.91E-08,Cross-linked,Bound Heavy,4,652.1238936,DNAPKcs,NNITQKLLQDFNR,2830,2842,DNAPKcs,FKTLSEK,2823,2829,[T2833-K2824;K2835-K2824],
Accepted,8.70E-14,1.15E-08,7.30E-09,Cross-linked,Bound,4,676.618913,DNAPKcs,APLKSVGPDFGK,2691,2702,DNAPKcs,MKQDAQVVLYR,2763,2773,[K2694-K2764],
Accepted,3.22E-13,5.07E-12,1.67E-05,Cross-linked,Bound,3,787.4346455,DNAPKcs,MGQKIAPYSVEIK,96,108,DNAPKcs,KGVAEQK,2746,2752,[K99-K2746],
Accepted,2.04E-11,2.15E-09,4.47E-07,Cross-linked,Bound,4,590.8278032,DNAPKcs,MGQKIAPYSVEIK,96,108,DNAPKcs,KGVAEQK,2746,2752,[K99-K2746],
Accepted,1.58E-14,2.65E-12,1.26E-05,Cross-linked,Bound Heavy,4,652.1238936,DNAPKcs,NNITQKLLQDFNR,2830,2842,DNAPKcs,FKTLSEK,2823,2829,[T2833-K2824;K2835-K2824],
Accepted,1.49E-12,3.49E-09,3.45E-09,Cross-linked,Bound,5,490.4729724,DNAPKcs,GKPLPEYHVR,3709,3718,DNAPKcs,ALKLNSNEAR,3453,3462,[K3710-K3455],
Accepted,1.49E-10,2.97E-07,4.08E-08,Cross-linked,Bound Heavy,4,817.7038133,DNAPKcs,QLFSSLFSGILKEMDK,2807,2822,DNAPKcs,TLSEKNNITQK,2825,2835,[S2810-S2827;S2810-K2829;S2811-S2827;S2811-K2829;S2814-S2827;S2814-K2829;K2818-S2827;K2818-K2829],
Accepted,5.99E-11,1.32E-09,7.54E-08,Cross-linked,Bound,4,849.9078297,DNAPKcs,YPDAKMDPMNIWDDIITNR,3168,3186,DNAPKcs,MKMIDSAR,3240,3247,[K3172-K3241],
Accepted,2.81E-10,9.90E-09,5.40E-08,Cross-linked,Bound Heavy,5,882.2487374,DNAPKcs,LLNTWTNRYPDAKMDPMNIWDDIITNR,3160,3186,DNAPKcs,MKMIDSAR,3240,3247,[T3163-K3241;T3165-K3241;Y3168-K3241;K3172-K3241],
Accepted,6.47E-15,1.14E-12,3.16E-06,Cross-linked,Bound,4,618.08814,DNAPKcs,NVDSNNKELSIAIR,351,364,DNAPKcs,KGVAEQK,2746,2752,[S354-K2746;K357-K2746],
Accepted,4.51E-14,3.10E-12,4.10E-06,Cross-linked,Bound,4,673.1034301,DNAPKcs,MYAALGDPKAPGLGAFR,3613,3629,DNAPKcs,HFGKGGSK,3643,3650,[K3621-K3646],
Accepted,3.79E-13,1.47E-09,1.46E-09,Cross-linked,Bound,4,612.8393965,DNAPKcs,GKPLPEYHVR,3709,3718,DNAPKcs,ALKLNSNEAR,3453,3462,[K3710-K3455],
Accepted,5.62E-14,6.42E-08,5.67E-10,Cross-linked,Bound Heavy,4,615.8582287,DNAPKcs,GKPLPEYHVR,3709,3718,DNAPKcs,ALKLNSNEAR,3453,3462,[K3710-K3455],
Accepted,6.94E-16,1.29E-12,9.28E-06,Cross-linked,Bound,3,865.1376566,DNAPKcs,NNITQKLLQDFNR,2830,2842,DNAPKcs,FKTLSEK,2823,2829,[T2833-K2824;K2835-K2824],
Accepted,2.89E-15,2.81E-13,4.12E-06,Cross-linked,Bound Heavy,4,811.6879663,DNAPKcs,MYAALGDPKAPGLGAFR,3613,3629,DNAPKcs,FIQTFGKEFDK,3632,3642,[K3621-T3635;K3621-K3638],
Accepted,4.68E-13,7.25E-11,1.08E-08,Cross-linked,Bound Heavy,4,852.9266619,DNAPKcs,YPDAKMDPMNIWDDIITNR,3168,3186,DNAPKcs,MKMIDSAR,3240,3247,[K3172-K3241],
Accepted,1.16E-13,1.59E-10,5.27E-07,Cross-linked,Bound,4,798.9226516,DNAPKcs,KGGSWIQEINVAEK,4023,4036,DNAPKcs,EHPFLVKGGEDLR,3747,3759,[S4026-K3753],
Accepted,6.30E-11,6.00E-14,0.031935953,Cross-linked,Bound Heavy,4,422.7797246,DNAPKcs,LLPAELPAKR,2900,2909,DNAPKcs,GKAR,2912,2915,[K2908-K2913],
Accepted,1.55E-11,7.55E-08,3.93E-08,Cross-linked,Bound Heavy,4,962.0592276,DNAPKcs,EIFNFVLKAIRPQIDLK,247,263,DNAPKcs,AFLGELKTQMTSAVR,199,213,[K254-K205],
Accepted,1.25E-10,3.73E-06,4.55E-08,Cross-linked,Bound,5,767.4337715,DNAPKcs,EIFNFVLKAIRPQIDLK,247,263,DNAPKcs,AFLGELKTQMTSAVR,199,213,[K254-K205],
Accepted,1.03E-11,1.84E-05,2.35E-11,Cross-linked,Bound,4,684.8759102,DNAPKcs,LGLPGDEVDNKVK,2705,2717,DNAPKcs,APLKSVGPDFGK,2691,2702,[K2715-K2694],
Accepted,4.56E-11,1.02E-08,1.66E-08,Cross-linked,Bound Heavy,4,852.9266619,DNAPKcs,YPDAKMDPMNIWDDIITNR,3168,3186,DNAPKcs,MKMIDSAR,3240,3247,[Y3168-K3241;K3172-K3241],
Accepted,4.77E-13,5.17E-11,4.44E-05,Cross-linked,Bound,4,648.6082796,DNAPKcs,MKQDAQVVLYR,2763,2773,DNAPKcs,EKEIKSELK,2754,2762,[K2764-K2758],
Accepted,3.81E-14,3.40E-11,2.98E-06,Cross-linked,Bound Heavy,4,506.5576583,DNAPKcs,APLKSVGPDFGK,2691,2702,DNAPKcs,VKGAAGR,2716,2722,[K2694-K2717],
Accepted,1.76E-12,3.83E-11,3.16E-06,Cross-linked,Bound Heavy,4,531.8167696,DNAPKcs,APLKSVGPDFGK,2691,2702,DNAPKcs,KGVAEQK,2746,2752,[K2694-K2746],
Accepted,2.87E-14,6.40E-09,7.36E-08,Cross-linked,Bound Heavy,4,671.6220952,DNAPKcs,EHPFLVKGGEDLR,3747,3759,DNAPKcs,NFEQKMLK,4015,4022,[K3753-K4019],
Accepted,7.58E-16,6.79E-14,0.000132849,Cross-linked,Bound,3,823.7817613,DNAPKcs,NVDSNNKELSIAIR,351,364,DNAPKcs,KGVAEQK,2746,2752,[S354-K2746;K357-K2746],
Accepted,8.12E-14,5.07E-13,0.000451154,Cross-linked,Bound,4,777.8953625,DNAPKcs,TSALSDETKNNWEVSALSR,802,820,DNAPKcs,AAQKGFNK,821,828,[S806-K824;T809-K824;K810-K824],
Accepted,2.60E-11,4.87E-07,1.72E-06,Cross-linked,Bound Heavy,4,704.8940024,DNAPKcs,TKNLSSNEAISLEEIR,837,852,DNAPKcs,AAQKGFNK,821,828,[T837-K824;K838-K824;S841-K824;S842-K824],
Accepted,1.45E-09,1.12E-09,3.29E-05,Cross-linked,Bound Heavy,4,697.6656599,DNAPKcs,YKEVYAAAAEVLGLILR,2312,2328,DNAPKcs,KGVAEQK,2746,2752,[Y2312-K2746;K2313-K2746],
Accepted,7.76E-13,5.32E-10,3.05E-05,Cross-linked,Bound,4,710.8846467,DNAPKcs,MYAALGDPKAPGLGAFR,3613,3629,DNAPKcs,KFIQTFGK,3631,3638,[K3621-K3631],
Accepted,5.36E-09,1.52E-07,8.53E-06,Cross-linked,Bound Heavy,5,634.1399155,DNAPKcs,LSDFNDITNMLLLKMNK,3656,3672,DNAPKcs,EFDKHFGK,3639,3646,[T3663-K3642;K3669-K3642],
Accepted,4.83E-10,6.45E-06,1.94E-09,Cross-linked,Bound,5,767.4337715,DNAPKcs,EIFNFVLKAIRPQIDLK,247,263,DNAPKcs,AFLGELKTQMTSAVR,199,213,[K254-K205],
Accepted,1.68E-10,1.17E-08,1.51E-07,Cross-linked,Bound,4,814.6849811,DNAPKcs,QLFSSLFSGILKEMDK,2807,2822,DNAPKcs,TLSEKNNITQK,2825,2835,[S2810-S2827;S2810-K2829;S2811-S2827;S2811-K2829;S2814-S2827;S2814-K2829;K2818-S2827;K2818-K2829],
Accepted,2.63E-10,6.58E-05,1.05E-10,Cross-linked,Bound,5,435.0517212,DNAPKcs,LLPAELPAKR,2900,2909,DNAPKcs,GSKDHNIR,4083,4090,[K2908-K4085],
Accepted,1.81E-12,1.21E-09,1.21E-09,Cross-linked,Bound Heavy,3,820.8085462,DNAPKcs,GKPLPEYHVR,3709,3718,DNAPKcs,ALKLNSNEAR,3453,3462,[K3710-K3455],
Accepted,2.38E-13,4.82E-08,4.82E-08,Cross-linked,Bound,3,816.7834366,DNAPKcs,ALKLNSNEAR,3453,3462,DNAPKcs,GKPLPEYHVR,3709,3718,[K3455-K3710],
Accepted,6.18E-11,5.49E-10,7.89E-05,Cross-linked,Bound Heavy,4,606.5905981,DNAPKcs,DQEKLSLMYAR,2735,2745,DNAPKcs,HVFHPKR,2222,2228,[K2738-K2227],
Accepted,5.81E-12,1.14E-07,1.20E-06,Cross-linked,Bound,4,563.3004156,DNAPKcs,DQEKLSLMYAR,2735,2745,DNAPKcs,KGVAEQK,2746,2752,[K2738-K2746],
Accepted,1.27E-13,9.19E-11,7.59E-06,Cross-linked,Bound Heavy,4,652.1238936,DNAPKcs,NNITQKLLQDFNR,2830,2842,DNAPKcs,FKTLSEK,2823,2829,[T2833-K2824;K2835-K2824],
Accepted,1.85E-09,6.93E-08,2.16E-06,Cross-linked,Bound,5,639.3395765,DNAPKcs,KGGSWIQEINVAEK,4023,4036,DNAPKcs,EHPFLVKGGEDLR,3747,3759,[S4026-K3753],
Accepted,1.40E-10,1.57E-05,7.44E-10,Cross-linked,Bound,5,435.0517212,DNAPKcs,LLPAELPAKR,2900,2909,DNAPKcs,GSKDHNIR,4083,4090,[K2908-S4084;K2908-K4085],
Accepted,3.93E-10,2.57E-08,7.97E-06,Cross-linked,Bound Heavy,4,910.2114795,DNAPKcs,YPDAKMDPMNIWDDIITNR,3168,3186,DNAPKcs,KQNNFSLAMK,3248,3257,[Y3168-K3248;K3172-K3248],
Accepted,8.16E-11,1.05E-09,5.84E-08,Cross-linked,Bound,4,521.5214761,DNAPKcs,NIEKMYER,3605,3612,DNAPKcs,NKEFVAR,3551,3557,[K3608-K3552],
Accepted,2.23E-12,1.74E-07,6.65E-08,Cross-linked,Bound,4,568.0429897,DNAPKcs,KQNNFSLAMK,3248,3257,DNAPKcs,MKMIDSAR,3240,3247,[K3248-K3241],
Accepted,1.21E-11,9.51E-06,7.11E-10,Cross-linked,Bound,4,647.6034259,DNAPKcs,YFEGVSPKSLK,682,692,DNAPKcs,GKPLPEYHVR,3709,3718,[S687-K3710;K689-K3710],
Accepted,1.51E-11,3.83E-09,2.17E-07,Cross-linked,Bound,4,798.9226516,DNAPKcs,KGGSWIQEINVAEK,4023,4036,DNAPKcs,EHPFLVKGGEDLR,3747,3759,[S4026-K3753],
Accepted,2.17E-09,0.000113946,4.95E-08,Cross-linked,Bound,5,639.3395765,DNAPKcs,KGGSWIQEINVAEK,4023,4036,DNAPKcs,EHPFLVKGGEDLR,3747,3759,[S4026-K3753],
Accepted,1.57E-11,2.02E-06,1.11E-06,Cross-linked,Bound Heavy,4,472.5273639,DNAPKcs,EFDKHFGK,3639,3646,DNAPKcs,GGSKLLR,3647,3653,[K3642-K3650],
Accepted,3.71E-10,4.55E-09,2.49E-07,Cross-linked,Bound Heavy,4,524.5403083,DNAPKcs,NIEKMYER,3605,3612,DNAPKcs,NKEFVAR,3551,3557,[K3608-K3552],
Accepted,1.65E-09,1.17E-08,1.84E-08,Cross-linked,Bound,4,849.9078297,DNAPKcs,YPDAKMDPMNIWDDIITNR,3168,3186,DNAPKcs,MKMIDSAR,3240,3247,[Y3168-K3241;K3172-K3241],
Accepted,6.14E-10,3.74E-09,1.61E-07,Cross-linked,Bound,4,521.5214761,DNAPKcs,NIEKMYER,3605,3612,DNAPKcs,NKEFVAR,3551,3557,[K3608-K3552],
Accepted,1.86E-11,1.80E-08,2.68E-05,Cross-linked,Bound,4,563.3004156,DNAPKcs,DQEKLSLMYAR,2735,2745,DNAPKcs,KGVAEQK,2746,2752,[K2738-K2746],
Accepted,1.58E-09,0.000410751,2.67E-07,Cross-linked,Bound,4,666.8724763,DNAPKcs,VEGMTELYFQLKSK,2405,2418,DNAPKcs,LKPVELR,2446,2452,[T2409-K2447;Y2412-K2447;K2416-K2447],
Accepted,6.90E-10,1.44E-06,5.47E-07,Cross-linked,Bound,3,757.0548943,DNAPKcs,KQNNFSLAMK,3248,3257,DNAPKcs,MKMIDSAR,3240,3247,[K3248-K3241],
Accepted,6.53E-10,8.49E-05,3.23E-07,Cross-linked,Bound Heavy,4,571.0618219,DNAPKcs,KQNNFSLAMK,3248,3257,DNAPKcs,MKMIDSAR,3240,3247,[K3248-K3241],
Accepted,3.61E-09,0.000557684,4.02E-07,Cross-linked,Bound Heavy,4,669.8913085,DNAPKcs,VEGMTELYFQLKSK,2405,2418,DNAPKcs,LKPVELR,2446,2452,[T2409-K2447;Y2412-K2447;K2416-K2447],
Accepted,3.65E-09,1.06E-06,2.69E-08,Cross-linked,Bound Heavy,4,852.9266619,DNAPKcs,YPDAKMDPMNIWDDIITNR,3168,3186,DNAPKcs,MKMIDSAR,3240,3247,[Y3168-K3241;K3172-K3241],
Accepted,5.07E-09,7.66E-08,0.00208914,Cross-linked,Bound Heavy,4,694.6529666,DNAPKcs,MKLSDFNDITNMLLLK,3654,3669,DNAPKcs,GGSKLLR,3647,3653,[K3655-S3649;K3655-K3650],
Accepted,1.27E-09,5.28E-07,2.93E-07,Cross-linked,Bound Heavy,4,472.5273639,DNAPKcs,EFDKHFGK,3639,3646,DNAPKcs,GGSKLLR,3647,3653,[K3642-K3650],
Accepted,6.80E-09,1.06E-07,1.77E-05,Cross-linked,Bound Heavy,5,542.5120612,DNAPKcs,FIQTFGKEFDKHFGK,3632,3646,DNAPKcs,GGSKLLR,3647,3653,[T3635-S3649;T3635-K3650;K3638-S3649;K3638-K3650],
Accepted,5.17E-09,1.91E-07,0.011168398,Cross-linked,Bound Heavy,4,677.8882575,DNAPKcs,FIQTFGKEFDKHFGK,3632,3646,DNAPKcs,GGSKLLR,3647,3653,[T3635-S3649;T3635-K3650;K3638-S3649;K3638-K3650],
Accepted,1.39E-10,8.74E-07,4.84E-07,Cross-linked,Bound,4,469.5085317,DNAPKcs,EFDKHFGK,3639,3646,DNAPKcs,GGSKLLR,3647,3653,[K3642-K3650],
Accepted,4.61E-11,7.57E-09,0.001821072,Cross-linked,Bound,3,750.7314621,DNAPKcs,DQEKLSLMYAR,2735,2745,DNAPKcs,KGVAEQK,2746,2752,[K2738-K2746],
Accepted,1.68E-08,1.90E-07,0.005671716,Cross-linked,Bound,4,701.8751702,DNAPKcs,TKNLSSNEAISLEEIR,837,852,DNAPKcs,AAQKGFNK,821,828,[T837-K824;K838-K824;S841-K824;S842-K824],
Accepted,2.79E-09,3.18E-07,9.02E-06,Cross-linked,Bound,4,408.7333376,DNAPKcs,NKEFVAR,3551,3557,DNAPKcs,KNIEK,3604,3608,[K3552-K3604],
Accepted,8.11E-09,1.06E-06,3.15E-05,Cross-linked,Bound Heavy,4,411.7521698,DNAPKcs,NKEFVAR,3551,3557,DNAPKcs,KNIEK,3604,3608,[K3552-K3604],
Accepted,1.40E-07,1.64E-07,0.012051789,Cross-linked,Bound,4,674.8694253,DNAPKcs,FIQTFGKEFDKHFGK,3632,3646,DNAPKcs,GGSKLLR,3647,3653,[T3635-S3649;T3635-K3650;K3638-S3649;K3638-K3650],
Accepted,2.31E-09,1.12E-07,5.93E-06,Cross-linked,Bound Heavy,4,472.5273639,DNAPKcs,EFDKHFGK,3639,3646,DNAPKcs,GGSKLLR,3647,3653,[K3642-S3649;K3642-K3650],
Accepted,2.53E-09,1.25E-07,3.16E-06,Cross-linked,Bound,4,410.2450751,DNAPKcs,LLKELHK,3258,3264,DNAPKcs,ESKTR,3265,3269,[K3260-S3266;K3260-K3267],
Accepted,2.09E-13,2.73E-09,2.45E-08,,Bound Heavy,4,782.70736,DNAPKcs,AFLGELKTQMTSAVR,199,213,DNAPKcs,KKIPDTVLEK,164,173,[K205-K164;K205-K165],
Accepted,2.09E-13,2.73E-09,2.45E-08,,Bound,4,782.70736,DNAPKcs,AFLGELKTQMTSAVR,199,213,DNAPKcs,KKIPDTVLEK,164,173,[K205-K164;K205-K165],
Accepted,6.75E-12,5.41E-08,6.40E-09,,Bound,4,829.9689682,DNAPKcs,LGLPGDEVDNKVKGAAGR,2705,2722,DNAPKcs,APLKSVGPDFGK,2691,2702,[K2715-K2694],
Accepted,6.75E-12,5.41E-08,6.40E-09,,Bound Heavy,4,829.9689682,DNAPKcs,LGLPGDEVDNKVKGAAGR,2705,2722,DNAPKcs,APLKSVGPDFGK,2691,2702,[K2715-K2694],
Accepted,7.91E-11,2.73E-06,4.20E-09,,Bound,4,829.9689682,DNAPKcs,LGLPGDEVDNKVKGAAGR,2705,2722,DNAPKcs,APLKSVGPDFGK,2691,2702,[K2715-K2694;K2715-S2695;K2717-K2694;K2717-S2695],
Accepted,7.91E-11,2.73E-06,4.20E-09,,Bound Heavy,4,829.9689682,DNAPKcs,LGLPGDEVDNKVKGAAGR,2705,2722,DNAPKcs,APLKSVGPDFGK,2691,2702,[K2715-K2694;K2715-S2695;K2717-K2694;K2717-S2695],
